mean,std,max,min,skewness,kurtosis,label
4.574118861455645e-17,0.7067531393633848,0.9999987638285974,-0.9999987638285974,2.239169575700655e-16,-1.498498498498499,0
1.1106671138350066e-15,0.7901740314639556,1.432077303799564,-1.4320773037995644,-7.417015293049531e-16,-1.0180180180180192,1
-0.005489002083214732,0.8855915098921868,2.271893671032103,-2.452401131902855,-0.1015243049564846,-0.7356012799579883,2
0.04000000000000004,0.762040328945117,2.9623805092366347,-0.9999987638285974,0.347617046164924,-0.3037029805258995,3
