mean,std,max,min,skewness,kurtosis,label
4.574118861455645e-17,0.7067531393633848,0.9999987638285974,-0.9999987638285974,2.239169575700655e-16,-1.498498498498499,0
1.1106671138350066e-15,0.7901740314639556,1.432077303799564,-1.4320773037995644,-7.417015293049531e-16,-1.0180180180180192,1
-0.022384303163260965,0.8539555993985445,2.7941936336792628,-2.406575507890419,-0.015907935428361282,-0.5228342590987793,2
0.04000000000000004,0.7494481886238454,2.9926796868835215,-0.9999987638285974,0.23818736421043143,-0.6434239198778102,3
