mean,std,max,min,skewness,kurtosis,label
4.574118861455645e-17,0.7067531393633848,0.9999987638285974,-0.9999987638285974,2.239169575700655e-16,-1.498498498498499,0
1.1106671138350066e-15,0.7901740314639556,1.432077303799564,-1.4320773037995644,-7.417015293049531e-16,-1.0180180180180192,1
0.008382973842148476,0.8862788375829502,3.333708491872029,-2.4350274269292633,0.03744048832679198,-0.6137271948226193,2
0.04000000000000005,0.7644849007475913,2.997270539372831,-0.9999987638285974,0.39614679781264517,-0.06300860512535067,3
