mean,std,max,min,skewness,kurtosis,label
4.574118861455645e-17,0.7067531393633848,0.9999987638285974,-0.9999987638285974,2.239169575700655e-16,-1.498498498498499,0
1.1106671138350066e-15,0.7901740314639556,1.432077303799564,-1.4320773037995644,-7.417015293049531e-16,-1.0180180180180192,1
0.02187679498114482,0.8681034615787996,2.2134567257710964,-2.3586970723885483,-0.03173377249857643,-0.6719157132174387,2
0.04000000000000005,0.7502144834381513,2.923125599194312,-0.9999987638285974,0.25629443683800834,-0.5924629848254677,3
