,Accuracy,Precision,Recall,F1-Score
SVM,0.8888888888888888,0.9166666666666666,0.8888888888888888,0.8857142857142857
kNN,0.7777777777777778,0.8055555555555556,0.7777777777777778,0.7746031746031746
Random Forest,1.0,1.0,1.0,1.0
